,Entity,Code,Date,Cases,Deaths,Disease,Average Temperature (C),Average Temperature (F),Most Repeated Weather Phrase,Average Wind Speed (mph),Average Wind Speed (kph),Average Wind Degree,Most Repeated Wind Direction,Average Pressure,Average Dew Point,Average Heat Index,Average Visibility,Most Repeated Cloud Cover,Average UV Index,Symptoms
0,India,IND,2009-01-01,486.0,,Influenza,10.70707071,51.27272727,Fair,6.09375,9.806915625,279.0625,W,29.17886364,48.13636364,51.27272727,0.306136364,CLR,-31.5,"[""Fever"", ""Cough"", ""Sore throat"", ""Runny or stuffy nose"", ""Muscle or body aches"", ""Headache"", ""Fatigue"", ""Vomiting and diarrhea (more common in children)""]"
1,India,IND,2009-02-01,521.9215686321259,,Influenza,11.07235142,51.93023256,Fair,5.0,8.0467,302.5,CALM,29.19348837,44.72093023,51.93023256,0.430465116,CLR,0.0,"[""Fever"", ""Cough"", ""Sore throat"", ""Runny or stuffy nose"", ""Muscle or body aches"", ""Headache"", ""Fatigue"", ""Vomiting and diarrhea (more common in children)""]"
2,India,IND,2009-03-01,272.9850745201111,,Influenza,9.308641975,48.75555556,Cloudy,5.129032258,8.254356774,124.1935484,ESE,29.20844444,47.2,48.75555556,0.199333333,OVC,-45.15555556,"[""Fever"", ""Cough"", ""Sore throat"", ""Runny or stuffy nose"", ""Muscle or body aches"", ""Headache"", ""Fatigue"", ""Vomiting and diarrhea (more common in children)""]"
3,India,IND,2009-04-01,0.0,,Influenza,11.48550725,52.67391304,Cloudy,4.977272727,8.010124091,119.7727273,E,29.14391304,48.63043478,52.67391304,0.380869565,OVC,-32.36956522,"[""Fever"", ""Cough"", ""Sore throat"", ""Runny or stuffy nose"", ""Muscle or body aches"", ""Headache"", ""Fatigue"", ""Vomiting and diarrhea (more common in children)""]"
4,India,IND,2009-05-01,0.0,,Influenza,14.05684755,57.30232558,Partly Cloudy,4.852941176,7.810032353,246.1764706,NW,29.09395349,52.20930233,57.30232558,0.451627907,SCT,-25.09302326,"[""Fever"", ""Cough"", ""Sore throat"", ""Runny or stuffy nose"", ""Muscle or body aches"", ""Headache"", ""Fatigue"", ""Vomiting and diarrhea (more common in children)""]"
5,India,IND,2009-06-01,2940.025444666545,,Influenza,12.47354497,54.45238095,Fair,5.634146341,9.067257073,271.4634146,W,29.13642857,48.54761905,54.45238095,0.451190476,CLR,-5.261904762,"[""Fever"", ""Cough"", ""Sore throat"", ""Runny or stuffy nose"", ""Muscle or body aches"", ""Headache"", ""Fatigue"", ""Vomiting and diarrhea (more common in children)""]"
6,India,IND,2009-07-01,5559.855501174927,,Influenza,13.83838384,56.90909091,Fair,4.967741935,7.994785806,307.9310345,NW,29.22931818,44.54545455,56.90909091,0.984545455,CLR,0.0,"[""Fever"", ""Cough"", ""Sore throat"", ""Runny or stuffy nose"", ""Muscle or body aches"", ""Headache"", ""Fatigue"", ""Vomiting and diarrhea (more common in children)""]"
7,India,IND,2009-08-01,44844.34140396118,,Influenza,12.96747967,55.34146341,Fair,5.590909091,8.997673636,295.9090909,CALM,29.28878049,43.58536585,55.34146341,1.170731707,CLR,0.0,"[""Fever"", ""Cough"", ""Sore throat"", ""Runny or stuffy nose"", ""Muscle or body aches"", ""Headache"", ""Fatigue"", ""Vomiting and diarrhea (more common in children)""]"
8,India,IND,2009-09-01,26654.31959438324,,Influenza,13.35802469,56.04444444,Partly Cloudy,5.217391304,8.396556522,304.3478261,CALM,29.30466667,45.51111111,56.04444444,0.707555556,SCT,-30.37777778,"[""Fever"", ""Cough"", ""Sore throat"", ""Runny or stuffy nose"", ""Muscle or body aches"", ""Headache"", ""Fatigue"", ""Vomiting and diarrhea (more common in children)""]"
9,India,IND,2009-10-01,17333.725101470947,,Influenza,14.49275362,58.08695652,Fair,6.552631579,10.54541211,286.0526316,W,29.28652174,49.54347826,58.08695652,0.65326087,CLR,-19.34782609,"[""Fever"", ""Cough"", ""Sore throat"", ""Runny or stuffy nose"", ""Muscle or body aches"", ""Headache"", ""Fatigue"", ""Vomiting and diarrhea (more common in children)""]"
10,India,IND,2009-11-01,14883.85044784546,,Influenza,12.22222222,54,Fair,5.789473684,9.317231579,259.7368421,W,29.27372093,47.30232558,54,0.504186047,CLR,-3.302325581,"[""Fever"", ""Cough"", ""Sore throat"", ""Runny or stuffy nose"", ""Muscle or body aches"", ""Headache"", ""Fatigue"", ""Vomiting and diarrhea (more common in children)""]"
11,India,IND,2009-12-01,10607.898086547852,,Influenza,12.56944444,54.625,Fair,5.84,9.3985456,278.8,CALM,29.30925,47.025,54.625,0.62875,CLR,-0.025,"[""Fever"", ""Cough"", ""Sore throat"", ""Runny or stuffy nose"", ""Muscle or body aches"", ""Headache"", ""Fatigue"", ""Vomiting and diarrhea (more common in children)""]"
12,India,IND,2010-01-01,13632.633358955383,,Influenza,12.67806268,54.82051282,Fair,5.121212121,8.241771515,239.0909091,W,29.18076923,47.23076923,54.82051282,0.635384615,CLR,0.0,"[""Fever"", ""Cough"", ""Sore throat"", ""Runny or stuffy nose"", ""Muscle or body aches"", ""Headache"", ""Fatigue"", ""Vomiting and diarrhea (more common in children)""]"
13,India,IND,2010-02-01,13698.74436378479,,Influenza,10.25839793,50.46511628,Cloudy,4.976744186,8.009273488,126.2790698,ESE,29.26488372,49.34883721,50.46511628,0.143255814,OVC,-49.25581395,"[""Fever"", ""Cough"", ""Sore throat"", ""Runny or stuffy nose"", ""Muscle or body aches"", ""Headache"", ""Fatigue"", ""Vomiting and diarrhea (more common in children)""]"
14,India,IND,2010-03-01,11821.596855163574,,Influenza,11.45833333,52.625,Cloudy,6.0625,9.75662375,182.1875,WSW,29.2415625,52.03125,52.625,0.3709375,OVC,-51.25,"[""Fever"", ""Cough"", ""Sore throat"", ""Runny or stuffy nose"", ""Muscle or body aches"", ""Headache"", ""Fatigue"", ""Vomiting and diarrhea (more common in children)""]"
15,India,IND,2010-04-01,6859.182286262512,,Influenza,10.93567251,51.68421053,Mostly Cloudy,11.23684211,18.08389947,302.3684211,WNW,29.21236842,48.78947368,51.68421053,0.826578947,BKN,-49.34210526,"[""Fever"", ""Cough"", ""Sore throat"", ""Runny or stuffy nose"", ""Muscle or body aches"", ""Headache"", ""Fatigue"", ""Vomiting and diarrhea (more common in children)""]"
16,India,IND,2010-05-01,5638.9403263092045,,Influenza,11.70833333,53.075,Fair,8.882352941,14.29472588,283.2352941,WNW,29.10625,48.2,53.075,0.67675,CLR,-19.35,"[""Fever"", ""Cough"", ""Sore throat"", ""Runny or stuffy nose"", ""Muscle or body aches"", ""Headache"", ""Fatigue"", ""Vomiting and diarrhea (more common in children)""]"
17,India,IND,2010-06-01,5298.3833594322205,,Influenza,12.24867725,54.04761905,Fair,4.407407407,7.093017037,166.6666667,CALM,29.15357143,49.19047619,54.04761905,0.360238095,CLR,0.0,"[""Fever"", ""Cough"", ""Sore throat"", ""Runny or stuffy nose"", ""Muscle or body aches"", ""Headache"", ""Fatigue"", ""Vomiting and diarrhea (more common in children)""]"
18,India,IND,2010-07-01,16527.36763858795,,Influenza,11.8699187,53.36585366,Cloudy,3.954545455,6.364208182,210.9090909,CALM,29.21487805,50.63414634,53.36585366,0.209512195,OVC,-11.75609756,"[""Fever"", ""Cough"", ""Sore throat"", ""Runny or stuffy nose"", ""Muscle or body aches"", ""Headache"", ""Fatigue"", ""Vomiting and diarrhea (more common in children)""]"
19,India,IND,2010-08-01,44919.43072128296,,Influenza,9.810874704,49.65957447,Cloudy,4.957446809,7.978217447,292.1276596,NW,29.20978723,49.36170213,49.65957447,0.19212766,OVC,-55.68085106,"[""Fever"", ""Cough"", ""Sore throat"", ""Runny or stuffy nose"", ""Muscle or body aches"", ""Headache"", ""Fatigue"", ""Vomiting and diarrhea (more common in children)""]"
20,India,IND,2010-09-01,18376.482412815094,,Influenza,11.39566396,52.51219512,Fair,6.076923077,9.779835385,293.8461538,WNW,29.19707317,48.53658537,52.51219512,0.723414634,CLR,-9.926829268,"[""Fever"", ""Cough"", ""Sore throat"", ""Runny or stuffy nose"", ""Muscle or body aches"", ""Headache"", ""Fatigue"", ""Vomiting and diarrhea (more common in children)""]"
21,India,IND,2010-10-01,5595.319688737392,,Influenza,8.50129199,47.30232558,Fair,5.302325581,8.533244651,294.1860465,WNW,29.22372093,46.97674419,47.30232558,0.692325581,CLR,-27.30232558,"[""Fever"", ""Cough"", ""Sore throat"", ""Runny or stuffy nose"", ""Muscle or body aches"", ""Headache"", ""Fatigue"", ""Vomiting and diarrhea (more common in children)""]"
22,India,IND,2010-11-01,3031.9092042446136,,Influenza,8.929539295,48.07317073,Fair,5.0,8.0467,288.4210526,W,29.23292683,44.3902439,48.07317073,1.009512195,CLR,-31.7804878,"[""Fever"", ""Cough"", ""Sore throat"", ""Runny or stuffy nose"", ""Muscle or body aches"", ""Headache"", ""Fatigue"", ""Vomiting and diarrhea (more common in children)""]"
23,India,IND,2010-12-01,550.3255813121796,,Influenza,9.484126984,49.07142857,Fair,4.447368421,7.157327895,181.1111111,W,29.2047619,44.78571429,49.07142857,0.602142857,CLR,0.0,"[""Fever"", ""Cough"", ""Sore throat"", ""Runny or stuffy nose"", ""Muscle or body aches"", ""Headache"", ""Fatigue"", ""Vomiting and diarrhea (more common in children)""]"
24,India,IND,2011-01-01,4681.478179359436,,Influenza,10.88624339,51.5952381,Fair,8.333333333,13.41116667,284.5238095,WNW,29.13857143,48.80952381,51.5952381,0.657857143,SCT,-21.64285714,"[""Fever"", ""Cough"", ""Sore throat"", ""Runny or stuffy nose"", ""Muscle or body aches"", ""Headache"", ""Fatigue"", ""Vomiting and diarrhea (more common in children)""]"
25,India,IND,2011-02-01,3062.3051114082336,,Influenza,10.18518519,50.33333333,Mostly Cloudy,9.133333333,14.69863867,296,W,29.14466667,45.95555556,50.33333333,1.0,BKN,-41.28888889,"[""Fever"", ""Cough"", ""Sore throat"", ""Runny or stuffy nose"", ""Muscle or body aches"", ""Headache"", ""Fatigue"", ""Vomiting and diarrhea (more common in children)""]"
26,India,IND,2011-03-01,2665.578641653061,,Influenza,10.54292929,50.97727273,Mostly Cloudy,5.35,8.609969,297.25,NW,29.22181818,43.40909091,50.97727273,0.873863636,BKN,-22.86363636,"[""Fever"", ""Cough"", ""Sore throat"", ""Runny or stuffy nose"", ""Muscle or body aches"", ""Headache"", ""Fatigue"", ""Vomiting and diarrhea (more common in children)""]"
27,India,IND,2011-04-01,2109.7864641348524,,Influenza,7.826086957,46.08695652,Mostly Cloudy,7.142857143,11.49528571,290,CALM,29.20956522,43.32608696,46.08695652,0.730652174,BKN,-24.7826087,"[""Fever"", ""Cough"", ""Sore throat"", ""Runny or stuffy nose"", ""Muscle or body aches"", ""Headache"", ""Fatigue"", ""Vomiting and diarrhea (more common in children)""]"
28,India,IND,2011-05-01,2609.3618495225905,,Influenza,7.703703704,45.86666667,Mostly Cloudy,7.377777778,11.87335289,290.6666667,W,29.18533333,42.75555556,45.86666667,0.848,BKN,-33.88888889,"[""Fever"", ""Cough"", ""Sore throat"", ""Runny or stuffy nose"", ""Muscle or body aches"", ""Headache"", ""Fatigue"", ""Vomiting and diarrhea (more common in children)""]"
29,India,IND,2011-06-01,4055.10484790802,,Influenza,8.214285714,46.78571429,Fair,6.142857143,9.885945714,289.7619048,WNW,29.20928571,43.66666667,46.78571429,0.565952381,CLR,-7.357142857,"[""Fever"", ""Cough"", ""Sore throat"", ""Runny or stuffy nose"", ""Muscle or body aches"", ""Headache"", ""Fatigue"", ""Vomiting and diarrhea (more common in children)""]"
30,India,IND,2011-07-01,7561.1856298446655,,Influenza,8.560606061,47.40909091,Fair,4.704545455,7.571213182,231.8604651,W,29.16795455,43.47727273,47.40909091,0.397954545,CLR,-5.022727273,"[""Fever"", ""Cough"", ""Sore throat"", ""Runny or stuffy nose"", ""Muscle or body aches"", ""Headache"", ""Fatigue"", ""Vomiting and diarrhea (more common in children)""]"
31,India,IND,2011-08-01,5674.664489746094,,Influenza,7.687338501,45.8372093,Fair,5.742857143,9.242209714,112.2857143,ESE,29.11139535,43.76744186,45.8372093,0.235581395,CLR,-5.534883721,"[""Fever"", ""Cough"", ""Sore throat"", ""Runny or stuffy nose"", ""Muscle or body aches"", ""Headache"", ""Fatigue"", ""Vomiting and diarrhea (more common in children)""]"
32,India,IND,2011-09-01,4001.3783128261566,,Influenza,7.626262626,45.72727273,Fair,7.790697674,12.5378814,297.4418605,WNW,29.15568182,45.18181818,45.72727273,0.413409091,CLR,-7.772727273,"[""Fever"", ""Cough"", ""Sore throat"", ""Runny or stuffy nose"", ""Muscle or body aches"", ""Headache"", ""Fatigue"", ""Vomiting and diarrhea (more common in children)""]"
33,India,IND,2011-10-01,5161.20291595459,,Influenza,8.772609819,47.79069767,Fair,8.976744186,14.44663349,279.0697674,W,29.14488372,43.8372093,47.79069767,0.628139535,CLR,-10.65116279,"[""Fever"", ""Cough"", ""Sore throat"", ""Runny or stuffy nose"", ""Muscle or body aches"", ""Headache"", ""Fatigue"", ""Vomiting and diarrhea (more common in children)""]"
34,India,IND,2011-11-01,4802.802423477173,,Influenza,10.70175439,51.26315789,Fair,7.0,11.26538,264,WSW,29.07842105,40.84210526,51.26315789,0.932105263,CLR,-1.789473684,"[""Fever"", ""Cough"", ""Sore throat"", ""Runny or stuffy nose"", ""Muscle or body aches"", ""Headache"", ""Fatigue"", ""Vomiting and diarrhea (more common in children)""]"
35,India,IND,2011-12-01,4363.76202249527,,Influenza,12.1031746,53.78571429,Fair,5.5,8.85137,268.3333333,CALM,29.05833333,43.66666667,53.78571429,0.623095238,CLR,0.0,"[""Fever"", ""Cough"", ""Sore throat"", ""Runny or stuffy nose"", ""Muscle or body aches"", ""Headache"", ""Fatigue"", ""Vomiting and diarrhea (more common in children)""]"
36,India,IND,2012-01-01,5892.098006820679,,Influenza,15.62330623,60.12195122,Partly Cloudy,4.321428571,6.954647857,130.7692308,CALM,29.13853659,55.6097561,60.12195122,0.688292683,SCT,-22.7804878,"[""Fever"", ""Cough"", ""Sore throat"", ""Runny or stuffy nose"", ""Muscle or body aches"", ""Headache"", ""Fatigue"", ""Vomiting and diarrhea (more common in children)""]"
37,India,IND,2012-02-01,4161.595494508743,,Influenza,14.56072351,58.20930233,Cloudy,3.592592593,5.781702963,252.6923077,CALM,29.16651163,56.3255814,58.20930233,0.25744186,OVC,-42.60465116,"[""Fever"", ""Cough"", ""Sore throat"", ""Runny or stuffy nose"", ""Muscle or body aches"", ""Headache"", ""Fatigue"", ""Vomiting and diarrhea (more common in children)""]"
38,India,IND,2012-03-01,9373.959508895874,,Influenza,12.41602067,54.34883721,Fair,5.095238095,8.199970476,251.9047619,CALM,29.14069767,47.20930233,54.34883721,0.405116279,CLR,-0.906976744,"[""Fever"", ""Cough"", ""Sore throat"", ""Runny or stuffy nose"", ""Muscle or body aches"", ""Headache"", ""Fatigue"", ""Vomiting and diarrhea (more common in children)""]"
39,India,IND,2012-04-01,11428.820679855347,,Influenza,14.05684755,57.30232558,Partly Cloudy,3.619047619,5.824278095,114,CALM,29.11488372,48.41860465,57.30232558,0.409534884,SCT,-8.627906977,"[""Fever"", ""Cough"", ""Sore throat"", ""Runny or stuffy nose"", ""Muscle or body aches"", ""Headache"", ""Fatigue"", ""Vomiting and diarrhea (more common in children)""]"
40,India,IND,2012-05-01,6409.331369400024,,Influenza,14.0,57.2,Fair,5.409090909,8.705066364,119.0909091,E,29.15333333,54.71111111,57.2,0.371111111,CLR,-6.844444444,"[""Fever"", ""Cough"", ""Sore throat"", ""Runny or stuffy nose"", ""Muscle or body aches"", ""Headache"", ""Fatigue"", ""Vomiting and diarrhea (more common in children)""]"
41,India,IND,2012-06-01,5442.125759840012,,Influenza,13.97932817,57.1627907,Mostly Cloudy,7.627906977,12.27589581,118.6046512,SE,29.14906977,55.18604651,57.1627907,0.833488372,BKN,-39.55813953,"[""Fever"", ""Cough"", ""Sore throat"", ""Runny or stuffy nose"", ""Muscle or body aches"", ""Headache"", ""Fatigue"", ""Vomiting and diarrhea (more common in children)""]"
42,India,IND,2012-07-01,10412.692309188842,,Influenza,13.96296296,57.13333333,Mostly Cloudy,7.066666667,11.37266933,122.4444444,ESE,29.21022222,55.48888889,57.13333333,0.926666667,BKN,-41.17777778,"[""Fever"", ""Cough"", ""Sore throat"", ""Runny or stuffy nose"", ""Muscle or body aches"", ""Headache"", ""Fatigue"", ""Vomiting and diarrhea (more common in children)""]"
43,India,IND,2012-08-01,10261.458140850067,,Influenza,13.28042328,55.9047619,Mostly Cloudy,5.707317073,9.185013659,263,W,29.26261905,51.28571429,55.9047619,0.895714286,BKN,-33.80952381,"[""Fever"", ""Cough"", ""Sore throat"", ""Runny or stuffy nose"", ""Muscle or body aches"", ""Headache"", ""Fatigue"", ""Vomiting and diarrhea (more common in children)""]"
44,India,IND,2012-09-01,14569.33871459961,,Influenza,10.84084084,51.51351351,Fair,6.5,10.46071,289.1176471,W,29.24945946,44.51351351,51.51351351,0.751891892,CLR,-5.054054054,"[""Fever"", ""Cough"", ""Sore throat"", ""Runny or stuffy nose"", ""Muscle or body aches"", ""Headache"", ""Fatigue"", ""Vomiting and diarrhea (more common in children)""]"
45,India,IND,2012-10-01,13191.223540115356,,Influenza,9.634146341,49.34146341,Fair,6.25,10.058375,278.75,CALM,29.27536585,40.83783784,49.34146341,0.892439024,CLR,-0.951219512,"[""Fever"", ""Cough"", ""Sore throat"", ""Runny or stuffy nose"", ""Muscle or body aches"", ""Headache"", ""Fatigue"", ""Vomiting and diarrhea (more common in children)""]"
46,India,IND,2012-11-01,7527.615537643433,,Influenza,9.805555556,49.65,Fair,6.318181818,10.16810273,261.3636364,CALM,29.26825,40.9,49.65,0.70375,CLR,0.0,"[""Fever"", ""Cough"", ""Sore throat"", ""Runny or stuffy nose"", ""Muscle or body aches"", ""Headache"", ""Fatigue"", ""Vomiting and diarrhea (more common in children)""]"
47,India,IND,2012-12-01,6331.240096855164,,Influenza,10.43055556,50.775,Fair,7.96,12.8103464,264.4,CALM,29.24375,39.525,50.775,0.95725,CLR,0.0,"[""Fever"", ""Cough"", ""Sore throat"", ""Runny or stuffy nose"", ""Muscle or body aches"", ""Headache"", ""Fatigue"", ""Vomiting and diarrhea (more common in children)""]"
48,India,IND,2013-01-01,5114.454746246338,,Influenza,8.306878307,46.95238095,Cloudy,4.451612903,7.16415871,162.5806452,CALM,29.11357143,45.33333333,46.95238095,0.291428571,OVC,-28.73809524,"[""Fever"", ""Cough"", ""Sore throat"", ""Runny or stuffy nose"", ""Muscle or body aches"", ""Headache"", ""Fatigue"", ""Vomiting and diarrhea (more common in children)""]"
49,India,IND,2013-02-01,6484.075919151306,,Influenza,6.746031746,44.14285714,Cloudy,6.0,9.65604,277.2972973,W,29.17071429,44.14285714,44.14285714,0.285714286,OVC,-47.71428571,"[""Fever"", ""Cough"", ""Sore throat"", ""Runny or stuffy nose"", ""Muscle or body aches"", ""Headache"", ""Fatigue"", ""Vomiting and diarrhea (more common in children)""]"
50,India,IND,2013-03-01,8210.080799102783,,Influenza,7.076719577,44.73809524,Fair,5.9,9.495106,265.25,W,29.20642857,44.35714286,44.73809524,0.472380952,CLR,-31.26190476,"[""Fever"", ""Cough"", ""Sore throat"", ""Runny or stuffy nose"", ""Muscle or body aches"", ""Headache"", ""Fatigue"", ""Vomiting and diarrhea (more common in children)""]"
51,India,IND,2013-04-01,8007.145916748047,,Influenza,6.583333333,43.85,Cloudy,5.083333333,8.180811667,288.6111111,W,29.18769231,41.375,43.85,0.42825,OVC,-27.275,"[""Fever"", ""Cough"", ""Sore throat"", ""Runny or stuffy nose"", ""Muscle or body aches"", ""Headache"", ""Fatigue"", ""Vomiting and diarrhea (more common in children)""]"
52,India,IND,2013-05-01,4565.552897930145,,Influenza,6.19047619,43.14285714,Fair,5.285714286,8.506511429,294.5238095,W,29.14285714,42.23809524,43.14285714,0.563571429,FEW,-12.42857143,"[""Fever"", ""Cough"", ""Sore throat"", ""Runny or stuffy nose"", ""Muscle or body aches"", ""Headache"", ""Fatigue"", ""Vomiting and diarrhea (more common in children)""]"
53,India,IND,2013-06-01,4370.87678861618,,Influenza,6.246612466,43.24390244,Fair,5.65625,9.102829375,288.75,CALM,29.19804878,42.56097561,43.24390244,0.550731707,CLR,0.0,"[""Fever"", ""Cough"", ""Sore throat"", ""Runny or stuffy nose"", ""Muscle or body aches"", ""Headache"", ""Fatigue"", ""Vomiting and diarrhea (more common in children)""]"
54,India,IND,2013-07-01,7954.286011505127,,Influenza,5.164141414,41.29545455,Fair,5.818181818,9.363432727,272.7272727,W,29.22590909,39.72727273,41.29545455,0.410681818,CLR,-21.72727273,"[""Fever"", ""Cough"", ""Sore throat"", ""Runny or stuffy nose"", ""Muscle or body aches"", ""Headache"", ""Fatigue"", ""Vomiting and diarrhea (more common in children)""]"
55,India,IND,2013-08-01,6514.145021438599,,Influenza,6.718346253,44.09302326,Fair,7.209302326,11.6022186,266.744186,W,29.21418605,39.11627907,44.09302326,0.697209302,CLR,0.0,"[""Fever"", ""Cough"", ""Sore throat"", ""Runny or stuffy nose"", ""Muscle or body aches"", ""Headache"", ""Fatigue"", ""Vomiting and diarrhea (more common in children)""]"
56,India,IND,2013-09-01,5552.263579368591,,Influenza,9.692982456,49.44736842,Fair,6.710526316,10.79951842,266.8421053,W,29.20105263,39.97222222,49.44736842,1.029736842,CLR,0.0,"[""Fever"", ""Cough"", ""Sore throat"", ""Runny or stuffy nose"", ""Muscle or body aches"", ""Headache"", ""Fatigue"", ""Vomiting and diarrhea (more common in children)""]"
57,India,IND,2013-10-01,3262.2548003196716,,Influenza,12.86324786,55.15384615,Fair,8.615384615,13.86508308,273.5897436,W,29.13923077,40.94871795,55.15384615,1.257692308,CLR,-2.769230769,"[""Fever"", ""Cough"", ""Sore throat"", ""Runny or stuffy nose"", ""Muscle or body aches"", ""Headache"", ""Fatigue"", ""Vomiting and diarrhea (more common in children)""]"
58,India,IND,2013-11-01,3251.945718884468,,Influenza,13.44444444,56.2,Fair,7.694444444,12.38297722,264.7222222,W,29.15275,43.9,56.2,1.349,CLR,0.0,"[""Fever"", ""Cough"", ""Sore throat"", ""Runny or stuffy nose"", ""Muscle or body aches"", ""Headache"", ""Fatigue"", ""Vomiting and diarrhea (more common in children)""]"
59,India,IND,2013-12-01,4134.853029632568,,Influenza,15.78590786,60.41463415,Fair,6.551724138,10.54395172,135.862069,CALM,29.15390244,48.17073171,60.41463415,0.822195122,CLR,0.0,"[""Fever"", ""Cough"", ""Sore throat"", ""Runny or stuffy nose"", ""Muscle or body aches"", ""Headache"", ""Fatigue"", ""Vomiting and diarrhea (more common in children)""]"
60,India,IND,2014-01-01,2955.102701187134,,Influenza,12.69647696,54.85365854,Mostly Cloudy,6.8125,10.96362875,277.1875,W,29.29170732,51.3902439,54.85365854,0.573902439,BKN,-19.19512195,"[""Fever"", ""Cough"", ""Sore throat"", ""Runny or stuffy nose"", ""Muscle or body aches"", ""Headache"", ""Fatigue"", ""Vomiting and diarrhea (more common in children)""]"
61,India,IND,2014-02-01,2673.16341984272,,Influenza,9.403794038,48.92682927,Fair,6.166666667,9.924263333,261.6666667,W,29.26487805,42.70731707,48.92682927,0.72047619,CLR,-0.952380952,"[""Fever"", ""Cough"", ""Sore throat"", ""Runny or stuffy nose"", ""Muscle or body aches"", ""Headache"", ""Fatigue"", ""Vomiting and diarrhea (more common in children)""]"
62,India,IND,2014-03-01,4030.774318885803,,Influenza,11.29129129,52.32432432,Fair,6.115384615,9.841733077,261.1538462,W,29.21567568,40.62162162,52.32432432,0.888378378,CLR,0.0,"[""Fever"", ""Cough"", ""Sore throat"", ""Runny or stuffy nose"", ""Muscle or body aches"", ""Headache"", ""Fatigue"", ""Vomiting and diarrhea (more common in children)""]"
63,India,IND,2014-04-01,2728.5607166290283,,Influenza,13.22463768,55.80434783,Partly Cloudy,5.869565217,9.446126087,95,CALM,29.16478261,48.45652174,55.80434783,0.454130435,SCT,-24.67391304,"[""Fever"", ""Cough"", ""Sore throat"", ""Runny or stuffy nose"", ""Muscle or body aches"", ""Headache"", ""Fatigue"", ""Vomiting and diarrhea (more common in children)""]"
64,India,IND,2014-05-01,2671.4924037456512,,Influenza,11.65484634,52.9787234,Fair,4.9,7.885766,253.6842105,CALM,29.11382979,51.10638298,52.9787234,0.392978723,CLR,-19.91489362,"[""Fever"", ""Cough"", ""Sore throat"", ""Runny or stuffy nose"", ""Muscle or body aches"", ""Headache"", ""Fatigue"", ""Vomiting and diarrhea (more common in children)""]"
65,India,IND,2014-06-01,4411.472270584107,,Influenza,9.913580247,49.84444444,Fair,5.12195122,8.242960976,263.1707317,W,29.17844444,47.37777778,49.84444444,0.267777778,CLR,-10.68888889,"[""Fever"", ""Cough"", ""Sore throat"", ""Runny or stuffy nose"", ""Muscle or body aches"", ""Headache"", ""Fatigue"", ""Vomiting and diarrhea (more common in children)""]"
66,India,IND,2014-07-01,4465.265009880066,,Influenza,10.94444444,51.7,Fair,5.807692308,9.346551538,253.0769231,CALM,29.20375,42.45,51.7,0.65225,CLR,-4.125,"[""Fever"", ""Cough"", ""Sore throat"", ""Runny or stuffy nose"", ""Muscle or body aches"", ""Headache"", ""Fatigue"", ""Vomiting and diarrhea (more common in children)""]"
67,India,IND,2014-08-01,4639.859112739563,,Influenza,10.55555556,51,Fair,4.294117647,6.910695294,160.5882353,CALM,29.20341463,42.14634146,51,0.663170732,FEW,-13.19512195,"[""Fever"", ""Cough"", ""Sore throat"", ""Runny or stuffy nose"", ""Muscle or body aches"", ""Headache"", ""Fatigue"", ""Vomiting and diarrhea (more common in children)""]"
68,India,IND,2014-09-01,2524.221443939209,,Influenza,11.47727273,52.65909091,Fair,4.814814815,7.748674074,199.6153846,CALM,29.18454545,47.5,52.65909091,0.286136364,SCT,-28.47727273,"[""Fever"", ""Cough"", ""Sore throat"", ""Runny or stuffy nose"", ""Muscle or body aches"", ""Headache"", ""Fatigue"", ""Vomiting and diarrhea (more common in children)""]"
69,India,IND,2014-10-01,1898.4359240531921,,Influenza,10.97597598,51.75675676,Fair,4.888888889,7.867884444,305.5555556,CALM,29.16594595,45.64864865,51.75675676,0.423783784,CLR,-0.081081081,"[""Fever"", ""Cough"", ""Sore throat"", ""Runny or stuffy nose"", ""Muscle or body aches"", ""Headache"", ""Fatigue"", ""Vomiting and diarrhea (more common in children)""]"
70,India,IND,2014-11-01,1698.8209293484688,,Influenza,11.56432749,52.81578947,Fair,7.382352941,11.88071588,280,WNW,29.22368421,45.89473684,52.81578947,0.560789474,CLR,-1.052631579,"[""Fever"", ""Cough"", ""Sore throat"", ""Runny or stuffy nose"", ""Muscle or body aches"", ""Headache"", ""Fatigue"", ""Vomiting and diarrhea (more common in children)""]"
71,India,IND,2014-12-01,965.3548166751862,,Influenza,11.79586563,53.23255814,Fair,4.56,7.3385904,267.6,CALM,29.29139535,47.65116279,53.23255814,0.436744186,CLR,-2.930232558,"[""Fever"", ""Cough"", ""Sore throat"", ""Runny or stuffy nose"", ""Muscle or body aches"", ""Headache"", ""Fatigue"", ""Vomiting and diarrhea (more common in children)""]"
72,India,IND,2015-01-01,1840.4657621383667,,Influenza,13.82275132,56.88095238,Fog,1.738095238,2.79718619,228.8235294,CALM,29.19547619,51.21428571,56.88095238,0.362142857,SCT,0.857142857,"[""Fever"", ""Cough"", ""Sore throat"", ""Runny or stuffy nose"", ""Muscle or body aches"", ""Headache"", ""Fatigue"", ""Vomiting and diarrhea (more common in children)""]"
73,India,IND,2015-02-01,39209.15385437012,,Influenza,13.9520202,57.11363636,Fog,3.568181818,5.742417727,100,CALM,29.22431818,54.25,57.11363636,0.699090909,BKN,0.727272727,"[""Fever"", ""Cough"", ""Sore throat"", ""Runny or stuffy nose"", ""Muscle or body aches"", ""Headache"", ""Fatigue"", ""Vomiting and diarrhea (more common in children)""]"
74,India,IND,2015-03-01,63532.22672805786,,Influenza,14.65277778,58.375,Fog,2.904761905,4.674749524,276.9230769,CALM,29.20666667,55.6,58.375,0.496666667,BKN,0.738095238,"[""Fever"", ""Cough"", ""Sore throat"", ""Runny or stuffy nose"", ""Muscle or body aches"", ""Headache"", ""Fatigue"", ""Vomiting and diarrhea (more common in children)""]"
75,India,IND,2015-04-01,6040.146586418152,,Influenza,13.42171717,56.15909091,Fog,4.886363636,7.863820455,289.6969697,W,29.25363636,51.43181818,56.15909091,0.477272727,CLR,0.840909091,"[""Fever"", ""Cough"", ""Sore throat"", ""Runny or stuffy nose"", ""Muscle or body aches"", ""Headache"", ""Fatigue"", ""Vomiting and diarrhea (more common in children)""]"
76,India,IND,2015-05-01,1599.1771714687347,,Influenza,12.62962963,54.73333333,Fog,9.133333333,14.69863867,285.3333333,W,29.17822222,46.46666667,54.73333333,0.837111111,CLR,1.022222222,"[""Fever"", ""Cough"", ""Sore throat"", ""Runny or stuffy nose"", ""Muscle or body aches"", ""Headache"", ""Fatigue"", ""Vomiting and diarrhea (more common in children)""]"
77,India,IND,2015-06-01,1390.6751132965087,,Influenza,11.11111111,52,Fog,5.674418605,9.132068837,245.952381,W,29.14,46.44186047,52,0.506046512,CLR,0.88372093,"[""Fever"", ""Cough"", ""Sore throat"", ""Runny or stuffy nose"", ""Muscle or body aches"", ""Headache"", ""Fatigue"", ""Vomiting and diarrhea (more common in children)""]"
78,India,IND,2015-07-01,1338.7378942966461,,Influenza,9.419753086,48.95555556,Fog,3.888888889,6.258544444,263.1428571,W,29.15333333,46.51111111,48.95555556,0.410666667,CLR,0.755555556,"[""Fever"", ""Cough"", ""Sore throat"", ""Runny or stuffy nose"", ""Muscle or body aches"", ""Headache"", ""Fatigue"", ""Vomiting and diarrhea (more common in children)""]"
79,India,IND,2015-08-01,4861.331115913391,,Influenza,8.358585859,47.04545455,Fog,3.272727273,5.266930909,269.0909091,W,29.2275,45.72727273,47.04545455,0.227954545,OVC,0.909090909,"[""Fever"", ""Cough"", ""Sore throat"", ""Runny or stuffy nose"", ""Muscle or body aches"", ""Headache"", ""Fatigue"", ""Vomiting and diarrhea (more common in children)""]"
80,India,IND,2015-09-01,5206.3157386779785,,Influenza,9.311594203,48.76086957,Fog,3.47826087,5.597704348,269.1666667,W,29.26086957,45.7826087,48.76086957,0.449565217,OVC,0.826086957,"[""Fever"", ""Cough"", ""Sore throat"", ""Runny or stuffy nose"", ""Muscle or body aches"", ""Headache"", ""Fatigue"", ""Vomiting and diarrhea (more common in children)""]"
81,India,IND,2015-10-01,4302.897971630096,,Influenza,10.89147287,51.60465116,Fog,4.906976744,7.896993953,287.027027,W,29.22744186,46.79069767,51.60465116,0.63744186,CLR,1.162790698,"[""Fever"", ""Cough"", ""Sore throat"", ""Runny or stuffy nose"", ""Muscle or body aches"", ""Headache"", ""Fatigue"", ""Vomiting and diarrhea (more common in children)""]"
82,India,IND,2015-11-01,1626.333231163025,,Influenza,10.16414141,50.29545455,Fog,3.590909091,5.778993636,258.2142857,CALM,29.23409091,45.75,50.29545455,0.497272727,CLR,1.090909091,"[""Fever"", ""Cough"", ""Sore throat"", ""Runny or stuffy nose"", ""Muscle or body aches"", ""Headache"", ""Fatigue"", ""Vomiting and diarrhea (more common in children)""]"
83,India,IND,2015-12-01,775.7679575681686,,Influenza,10.50724638,50.91304348,Fog,4.239130435,6.822202174,116.6666667,ESE,29.24095238,47.30434783,50.91304348,0.446956522,SCT,0.956521739,"[""Fever"", ""Cough"", ""Sore throat"", ""Runny or stuffy nose"", ""Muscle or body aches"", ""Headache"", ""Fatigue"", ""Vomiting and diarrhea (more common in children)""]"
84,India,IND,2016-01-01,739.1914491653442,,Influenza,14.45601852,58.02083333,Fog,2.083333333,3.352791667,266.3636364,CALM,29.300625,47.64583333,58.02083333,0.552708333,FEW,1.0,"[""Fever"", ""Cough"", ""Sore throat"", ""Runny or stuffy nose"", ""Muscle or body aches"", ""Headache"", ""Fatigue"", ""Vomiting and diarrhea (more common in children)""]"
85,India,IND,2016-02-01,1246.9389267921447,,Influenza,14.71631206,58.4893617,Fog,3.042553191,4.896502553,285,CALM,29.30680851,46.82978723,58.63043478,0.648085106,CLR,1.042553191,"[""Fever"", ""Cough"", ""Sore throat"", ""Runny or stuffy nose"", ""Muscle or body aches"", ""Headache"", ""Fatigue"", ""Vomiting and diarrhea (more common in children)""]"
86,India,IND,2016-03-01,571.6146074930828,,Influenza,13.38164251,56.08695652,Fog,3.739130435,6.017532174,271.4285714,CALM,29.24043478,45.97826087,56.08695652,0.477391304,CLR,1.086956522,"[""Fever"", ""Cough"", ""Sore throat"", ""Runny or stuffy nose"", ""Muscle or body aches"", ""Headache"", ""Fatigue"", ""Vomiting and diarrhea (more common in children)""]"
87,India,IND,2016-04-01,441.81730333964026,,Influenza,15.83333333,60.5,Smoke,1.770833333,2.849872917,122.3809524,CALM,29.24708333,47.04166667,60.5,0.440625,CLR,0.895833333,"[""Fever"", ""Cough"", ""Sore throat"", ""Runny or stuffy nose"", ""Muscle or body aches"", ""Headache"", ""Fatigue"", ""Vomiting and diarrhea (more common in children)""]"
88,India,IND,2016-05-01,387.32275104522705,,Influenza,18.58796296,65.45833333,Smoke,2.583333333,4.157461667,143.6666667,CALM,29.19645833,50.9375,65.47916667,0.62375,SCT,0.854166667,"[""Fever"", ""Cough"", ""Sore throat"", ""Runny or stuffy nose"", ""Muscle or body aches"", ""Headache"", ""Fatigue"", ""Vomiting and diarrhea (more common in children)""]"
89,India,IND,2016-06-01,375.6752134958903,,Influenza,18.15602837,64.68085106,Fog,2.893617021,4.656813617,112.6086957,CALM,29.18574468,53.21276596,64.68085106,0.573617021,SCT,0.893617021,"[""Fever"", ""Cough"", ""Sore throat"", ""Runny or stuffy nose"", ""Muscle or body aches"", ""Headache"", ""Fatigue"", ""Vomiting and diarrhea (more common in children)""]"
90,India,IND,2016-07-01,809.9477565288544,,Influenza,17.99768519,64.39583333,Fog,1.833333333,2.950456667,241.25,CALM,29.22458333,56.4375,64.39583333,0.340833333,SCT,0.8125,"[""Fever"", ""Cough"", ""Sore throat"", ""Runny or stuffy nose"", ""Muscle or body aches"", ""Headache"", ""Fatigue"", ""Vomiting and diarrhea (more common in children)""]"
91,India,IND,2016-08-01,1170.6563358306885,,Influenza,14.75694444,58.5625,Fog,3.9375,6.33677625,254.0645161,W,29.21416667,55.14583333,58.5625,0.194583333,OVC,0.729166667,"[""Fever"", ""Cough"", ""Sore throat"", ""Runny or stuffy nose"", ""Muscle or body aches"", ""Headache"", ""Fatigue"", ""Vomiting and diarrhea (more common in children)""]"
92,India,IND,2016-09-01,596.0370366573334,,Influenza,14.59490741,58.27083333,Fog,7.354166667,11.83535458,266.4444444,W,29.1525,48.125,58.27083333,0.7325,CLR,1.166666667,"[""Fever"", ""Cough"", ""Sore throat"", ""Runny or stuffy nose"", ""Muscle or body aches"", ""Headache"", ""Fatigue"", ""Vomiting and diarrhea (more common in children)""]"
93,India,IND,2016-10-01,883.3869520823162,,Influenza,15.50827423,59.91489362,Fog,2.446808511,3.937746809,242.7272727,CALM,29.19021277,47.55319149,59.91489362,0.675531915,CLR,1.170212766,"[""Fever"", ""Cough"", ""Sore throat"", ""Runny or stuffy nose"", ""Muscle or body aches"", ""Headache"", ""Fatigue"", ""Vomiting and diarrhea (more common in children)""]"
94,India,IND,2016-11-01,1685.2312924861908,,Influenza,16.02657005,60.84782609,Haze,1.869565217,3.008766087,254.1176471,CALM,29.20826087,48.69565217,60.91304348,0.632826087,CLR,1.043478261,"[""Fever"", ""Cough"", ""Sore throat"", ""Runny or stuffy nose"", ""Muscle or body aches"", ""Headache"", ""Fatigue"", ""Vomiting and diarrhea (more common in children)""]"
95,India,IND,2016-12-01,2284.9683257738748,,Influenza,16.78240741,62.20833333,Fog,4.833333333,7.778476667,120.5405405,CALM,29.14,49.54166667,62.20833333,0.818333333,CLR,1.1875,"[""Fever"", ""Cough"", ""Sore throat"", ""Runny or stuffy nose"", ""Muscle or body aches"", ""Headache"", ""Fatigue"", ""Vomiting and diarrhea (more common in children)""]"
96,India,IND,2017-01-01,10079.521716880798,,Influenza,16.08747045,60.95744681,Fog,3.85106383,6.197671064,100,CALM,29.17382979,53.91489362,60.95744681,0.562553191,CLR,1.14893617,"[""Fever"", ""Cough"", ""Sore throat"", ""Runny or stuffy nose"", ""Muscle or body aches"", ""Headache"", ""Fatigue"", ""Vomiting and diarrhea (more common in children)""]"
97,India,IND,2017-02-01,13584.866905212402,,Influenza,15.98039216,60.76470588,Fog,2.529411765,4.070683529,270,CALM,29.230625,54.68627451,60.76470588,0.340392157,CLR,1.176470588,"[""Fever"", ""Cough"", ""Sore throat"", ""Runny or stuffy nose"", ""Muscle or body aches"", ""Headache"", ""Fatigue"", ""Vomiting and diarrhea (more common in children)""]"
98,India,IND,2017-03-01,9158.197779337564,,Influenza,15.15046296,59.27083333,Fog,3.541666667,5.699745833,259.4736842,W,29.2375,53.91666667,59.27083333,0.346041667,CLR,1.0625,"[""Fever"", ""Cough"", ""Sore throat"", ""Runny or stuffy nose"", ""Muscle or body aches"", ""Headache"", ""Fatigue"", ""Vomiting and diarrhea (more common in children)""]"
99,India,IND,2017-04-01,8948.182237625122,,Influenza,17.21088435,62.97959184,Fog,2.918367347,4.696645306,171.1538462,CALM,29.16571429,53.16326531,62.97959184,0.641020408,CLR,1.204081633,"[""Fever"", ""Cough"", ""Sore throat"", ""Runny or stuffy nose"", ""Muscle or body aches"", ""Headache"", ""Fatigue"", ""Vomiting and diarrhea (more common in children)""]"
100,India,IND,2017-05-01,8039.433786392212,,Influenza,17.38095238,63.28571429,Fog,2.387755102,3.842709796,218.5185185,CALM,29.11857143,53.79591837,63.30612245,0.629591837,CLR,1.163265306,"[""Fever"", ""Cough"", ""Sore throat"", ""Runny or stuffy nose"", ""Muscle or body aches"", ""Headache"", ""Fatigue"", ""Vomiting and diarrhea (more common in children)""]"
101,India,IND,2017-06-01,1984.9559297561646,,Influenza,18.19148936,64.74468085,Fog,7.270833333,11.70124292,127.7083333,SE,29.05382979,55.80851064,64.74468085,0.70125,CLR,1.083333333,"[""Fever"", ""Cough"", ""Sore throat"", ""Runny or stuffy nose"", ""Muscle or body aches"", ""Headache"", ""Fatigue"", ""Vomiting and diarrhea (more common in children)""]"
102,India,IND,2017-07-01,8327.482904815673,,Influenza,14.23611111,57.625,Fog,7.75,12.472385,120.4255319,ESE,29.03208333,56.29166667,57.625,0.364166667,BKN,0.75,"[""Fever"", ""Cough"", ""Sore throat"", ""Runny or stuffy nose"", ""Muscle or body aches"", ""Headache"", ""Fatigue"", ""Vomiting and diarrhea (more common in children)""]"
103,India,IND,2017-08-01,9961.650133768717,,Influenza,14.9537037,58.91666667,Fog,3.75,6.035025,175.8536585,ESE,29.1325,53.0625,58.91666667,0.677083333,FEW,0.958333333,"[""Fever"", ""Cough"", ""Sore throat"", ""Runny or stuffy nose"", ""Muscle or body aches"", ""Headache"", ""Fatigue"", ""Vomiting and diarrhea (more common in children)""]"
104,India,IND,2017-09-01,10652.535258293152,,Influenza,13.13657407,55.64583333,Fog,4.125,6.6385275,306.2162162,CALM,29.155,50.41666667,55.64583333,0.538125,CLR,1.0,"[""Fever"", ""Cough"", ""Sore throat"", ""Runny or stuffy nose"", ""Muscle or body aches"", ""Headache"", ""Fatigue"", ""Vomiting and diarrhea (more common in children)""]"
105,India,IND,2017-10-01,11556.575618362427,,Influenza,11.31944444,52.375,Fog,6.375,10.2595425,275.4166667,WNW,29.17125,39.58333333,52.375,0.982083333,CLR,1.1875,"[""Fever"", ""Cough"", ""Sore throat"", ""Runny or stuffy nose"", ""Muscle or body aches"", ""Headache"", ""Fatigue"", ""Vomiting and diarrhea (more common in children)""]"
106,India,IND,2017-11-01,7723.965066432953,,Influenza,10.52083333,50.9375,Haze,5.375,8.6502025,274.4186047,W,29.18125,37.0625,50.9375,0.789583333,CLR,1.145833333,"[""Fever"", ""Cough"", ""Sore throat"", ""Runny or stuffy nose"", ""Muscle or body aches"", ""Headache"", ""Fatigue"", ""Vomiting and diarrhea (more common in children)""]"
107,India,IND,2017-12-01,4944.3129868507385,,Influenza,11.06481481,51.91666667,Fog,4.541666667,7.309085833,279.6428571,CALM,29.1725,39.97916667,51.91666667,0.686875,CLR,1.1875,"[""Fever"", ""Cough"", ""Sore throat"", ""Runny or stuffy nose"", ""Muscle or body aches"", ""Headache"", ""Fatigue"", ""Vomiting and diarrhea (more common in children)""]"
108,India,IND,2018-01-01,8688.395893859863,,Influenza,13.08641975,55.55555556,Fog,1.755555556,2.825285778,285.2941176,CALM,29.112,48.24444444,55.55555556,0.321555556,CLR,0.755555556,"[""Fever"", ""Cough"", ""Sore throat"", ""Runny or stuffy nose"", ""Muscle or body aches"", ""Headache"", ""Fatigue"", ""Vomiting and diarrhea (more common in children)""]"
109,India,IND,2018-02-01,5141.3239958286285,,Influenza,11.66666667,53,Fog,3.3125,5.33093875,273.030303,W,29.129375,48.16666667,53,0.388333333,CLR,0.833333333,"[""Fever"", ""Cough"", ""Sore throat"", ""Runny or stuffy nose"", ""Muscle or body aches"", ""Headache"", ""Fatigue"", ""Vomiting and diarrhea (more common in children)""]"
110,India,IND,2018-03-01,3911.84038233757,,Influenza,11.06382979,51.91489362,Fog,4.829787234,7.772769787,263.8095238,W,29.14765957,47.53191489,51.91489362,0.351489362,CLR,0.85106383,"[""Fever"", ""Cough"", ""Sore throat"", ""Runny or stuffy nose"", ""Muscle or body aches"", ""Headache"", ""Fatigue"", ""Vomiting and diarrhea (more common in children)""]"
111,India,IND,2018-04-01,3390.2924262046813,,Influenza,10.72916667,51.3125,Fog,4.020833333,6.470887917,173.8461538,CALM,29.148125,46.3125,51.3125,0.338958333,CLR,0.708333333,"[""Fever"", ""Cough"", ""Sore throat"", ""Runny or stuffy nose"", ""Muscle or body aches"", ""Headache"", ""Fatigue"", ""Vomiting and diarrhea (more common in children)""]"
112,India,IND,2018-05-01,2956.3455762267113,,Influenza,11.66666667,53,Fog,4.872340426,7.84125234,117.826087,E,29.13042553,46.36170213,53,0.550425532,CLR,0.85106383,"[""Fever"", ""Cough"", ""Sore throat"", ""Runny or stuffy nose"", ""Muscle or body aches"", ""Headache"", ""Fatigue"", ""Vomiting and diarrhea (more common in children)""]"
113,India,IND,2018-06-01,2675.8556600014367,,Influenza,10.97222222,51.75,Fog,3.208333333,5.163299167,263.2352941,CALM,29.105625,45.02083333,51.75,0.471458333,CLR,0.791666667,"[""Fever"", ""Cough"", ""Sore throat"", ""Runny or stuffy nose"", ""Muscle or body aches"", ""Headache"", ""Fatigue"", ""Vomiting and diarrhea (more common in children)""]"
114,India,IND,2018-07-01,4168.05947124958,,Influenza,12.01388889,53.625,Fog,6.520833333,10.49423792,263.3333333,W,29.130625,43.8125,53.625,0.725208333,CLR,0.833333333,"[""Fever"", ""Cough"", ""Sore throat"", ""Runny or stuffy nose"", ""Muscle or body aches"", ""Headache"", ""Fatigue"", ""Vomiting and diarrhea (more common in children)""]"
115,India,IND,2018-08-01,4090.462934732437,,Influenza,12.31481481,54.16666667,Fog,4.125,6.6385275,258.7179487,WSW,29.18333333,42.89583333,54.16666667,0.768333333,CLR,0.854166667,"[""Fever"", ""Cough"", ""Sore throat"", ""Runny or stuffy nose"", ""Muscle or body aches"", ""Headache"", ""Fatigue"", ""Vomiting and diarrhea (more common in children)""]"
116,India,IND,2018-09-01,13504.89838886261,,Influenza,12.77777778,55,Fog,3.916666667,6.303248333,268.8461538,CALM,29.244375,44.4375,55,0.665416667,CLR,0.854166667,"[""Fever"", ""Cough"", ""Sore throat"", ""Runny or stuffy nose"", ""Muscle or body aches"", ""Headache"", ""Fatigue"", ""Vomiting and diarrhea (more common in children)""]"
117,India,IND,2018-10-01,17132.57328109741,,Influenza,13.64583333,56.5625,Fog,7.395833333,11.90241042,262.9166667,W,29.23291667,44.0625,56.5625,0.732708333,CLR,0.875,"[""Fever"", ""Cough"", ""Sore throat"", ""Runny or stuffy nose"", ""Muscle or body aches"", ""Headache"", ""Fatigue"", ""Vomiting and diarrhea (more common in children)""]"
118,India,IND,2018-11-01,8985.997761249542,,Influenza,13.68794326,56.63829787,Smoke,6.510638298,10.47783064,261.9565217,W,29.1912766,43.63829787,56.63829787,0.817021277,CLR,0.914893617,"[""Fever"", ""Cough"", ""Sore throat"", ""Runny or stuffy nose"", ""Muscle or body aches"", ""Headache"", ""Fatigue"", ""Vomiting and diarrhea (more common in children)""]"
119,India,IND,2018-12-01,22218.52878303528,,Influenza,14.59810875,58.27659574,Haze,4.276595745,6.882496596,260.8108108,W,29.16170213,43.17021277,58.27659574,1.000638298,CLR,0.70212766,"[""Fever"", ""Cough"", ""Sore throat"", ""Runny or stuffy nose"", ""Muscle or body aches"", ""Headache"", ""Fatigue"", ""Vomiting and diarrhea (more common in children)""]"
120,India,IND,2019-01-01,64836.036392211914,,Influenza,14.51219512,58.12195122,Fog,3.024390244,4.867272195,220.3846154,CALM,29.2702439,43.51219512,58.12195122,0.798780488,CLR,0.975609756,"[""Fever"", ""Cough"", ""Sore throat"", ""Runny or stuffy nose"", ""Muscle or body aches"", ""Headache"", ""Fatigue"", ""Vomiting and diarrhea (more common in children)""]"
121,India,IND,2019-02-01,86573.1468629837,,Influenza,15.35460993,59.63829787,Smoke,2.510638298,4.040470638,145.2173913,CALM,29.27787234,47.06382979,59.63829787,0.800851064,CLR,0.808510638,"[""Fever"", ""Cough"", ""Sore throat"", ""Runny or stuffy nose"", ""Muscle or body aches"", ""Headache"", ""Fatigue"", ""Vomiting and diarrhea (more common in children)""]"
122,India,IND,2019-03-01,49417.40536689758,,Influenza,12.18518519,53.93333333,Fog,4.434782609,7.137073043,263.9393939,W,29.31391304,48.62222222,53.93333333,0.875,CLR,0.717391304,"[""Fever"", ""Cough"", ""Sore throat"", ""Runny or stuffy nose"", ""Muscle or body aches"", ""Headache"", ""Fatigue"", ""Vomiting and diarrhea (more common in children)""]"
123,India,IND,2019-04-01,28536.030477523804,,Influenza,11.76328502,53.17391304,Fog,3.782608696,6.087503478,252.9411765,W,29.2823913,48.60869565,53.17391304,0.483695652,SCT,0.652173913,"[""Fever"", ""Cough"", ""Sore throat"", ""Runny or stuffy nose"", ""Muscle or body aches"", ""Headache"", ""Fatigue"", ""Vomiting and diarrhea (more common in children)""]"
124,India,IND,2019-05-01,14810.355882167816,,Influenza,9.555555556,49.2,Fog,5.733333333,9.226882667,94,E,29.24133333,47.73333333,49.2,0.286,FEW,0.0,"[""Fever"", ""Cough"", ""Sore throat"", ""Runny or stuffy nose"", ""Muscle or body aches"", ""Headache"", ""Fatigue"", ""Vomiting and diarrhea (more common in children)""]"
125,India,IND,2019-06-01,14198.337831497192,,Influenza,15.0,59,Fog,6.243243243,10.04750108,176.5714286,NE,29.22432432,51.40540541,59,0.925675676,SCT,0.72972973,"[""Fever"", ""Cough"", ""Sore throat"", ""Runny or stuffy nose"", ""Muscle or body aches"", ""Headache"", ""Fatigue"", ""Vomiting and diarrhea (more common in children)""]"
126,India,IND,2019-07-01,25281.24641723633,,Influenza,12.74305556,54.9375,Fog,4.270833333,6.873222917,273,W,29.2675,50.375,54.9375,0.602083333,CLR,0.75,"[""Fever"", ""Cough"", ""Sore throat"", ""Runny or stuffy nose"", ""Muscle or body aches"", ""Headache"", ""Fatigue"", ""Vomiting and diarrhea (more common in children)""]"
127,India,IND,2019-08-01,22728.385338783264,,Influenza,9.281045752,48.70588235,Fog,2.470588235,3.976016471,245,CALM,29.25764706,48.35294118,48.70588235,0.408823529,SCT,0.0,"[""Fever"", ""Cough"", ""Sore throat"", ""Runny or stuffy nose"", ""Muscle or body aches"", ""Headache"", ""Fatigue"", ""Vomiting and diarrhea (more common in children)""]"
128,India,IND,2019-09-01,28246.017168426515,,Influenza,14.17417417,57.51351351,Haze,7.486486486,12.04830216,275.1351351,W,29.20378378,44.54054054,57.51351351,1.204864865,CLR,1.108108108,"[""Fever"", ""Cough"", ""Sore throat"", ""Runny or stuffy nose"", ""Muscle or body aches"", ""Headache"", ""Fatigue"", ""Vomiting and diarrhea (more common in children)""]"
129,India,IND,2019-10-01,12497.894314289093,,Influenza,13.15972222,55.6875,Fog,4.3125,6.94027875,262,WSW,29.19104167,44.1875,55.6875,0.84375,CLR,0.875,"[""Fever"", ""Cough"", ""Sore throat"", ""Runny or stuffy nose"", ""Muscle or body aches"", ""Headache"", ""Fatigue"", ""Vomiting and diarrhea (more common in children)""]"
130,India,IND,2019-11-01,11472.235698759556,,Influenza,14.35185185,57.83333333,Fog,2.270833333,3.654542917,136.9565217,CALM,29.22770833,45.20833333,57.83333333,0.902916667,FEW,0.75,"[""Fever"", ""Cough"", ""Sore throat"", ""Runny or stuffy nose"", ""Muscle or body aches"", ""Headache"", ""Fatigue"", ""Vomiting and diarrhea (more common in children)""]"
131,India,IND,2019-12-01,8703.907035589218,,Influenza,15.13888889,59.25,Smoke,2.5,4.02335,128.6363636,CALM,29.20416667,46.97916667,59.25,0.754375,SCT,0.666666667,"[""Fever"", ""Cough"", ""Sore throat"", ""Runny or stuffy nose"", ""Muscle or body aches"", ""Headache"", ""Fatigue"", ""Vomiting and diarrhea (more common in children)""]"
132,India,IND,2020-01-01,3832.781276543935,,Influenza,11.31944444,52.375,Fog,2.75,4.425685,87.36842105,CALM,29.29375,45,52.375,0.51,FEW,0.729166667,"[""Fever"", ""Cough"", ""Sore throat"", ""Runny or stuffy nose"", ""Muscle or body aches"", ""Headache"", ""Fatigue"", ""Vomiting and diarrhea (more common in children)""]"
133,India,IND,2020-02-01,12743.903560876846,,Influenza,13.97163121,57.14893617,Fog,1.70212766,2.739302128,65,CALM,29.29170213,47.53191489,57.14893617,0.630425532,FEW,0.744680851,"[""Fever"", ""Cough"", ""Sore throat"", ""Runny or stuffy nose"", ""Muscle or body aches"", ""Headache"", ""Fatigue"", ""Vomiting and diarrhea (more common in children)""]"
134,India,IND,2020-03-01,17935.470809054375,,Influenza,15.76086957,60.36956522,Fog,2.130434783,3.428593913,102.2222222,CALM,29.22826087,50.73913043,60.36956522,0.736521739,FEW,0.804347826,"[""Fever"", ""Cough"", ""Sore throat"", ""Runny or stuffy nose"", ""Muscle or body aches"", ""Headache"", ""Fatigue"", ""Vomiting and diarrhea (more common in children)""]"
135,India,IND,2020-04-01,2240.536193013191,,Influenza,14.47990544,58.06382979,Fog,3.446808511,5.547086809,256.9230769,CALM,29.20425532,49.44680851,58.06382979,0.674255319,FEW,0.723404255,"[""Fever"", ""Cough"", ""Sore throat"", ""Runny or stuffy nose"", ""Muscle or body aches"", ""Headache"", ""Fatigue"", ""Vomiting and diarrhea (more common in children)""]"
136,India,IND,2020-05-01,48.0,,Influenza,14.24768519,57.64583333,Fog,4.0,6.43736,285.1724138,CALM,29.21375,47.16666667,57.64583333,0.789583333,FEW,0.6875,"[""Fever"", ""Cough"", ""Sore throat"", ""Runny or stuffy nose"", ""Muscle or body aches"", ""Headache"", ""Fatigue"", ""Vomiting and diarrhea (more common in children)""]"
137,India,IND,2020-06-01,1020.0,,Influenza,14.40972222,57.9375,Fog,3.604166667,5.800329583,138.6666667,CALM,29.23854167,49.02083333,57.9375,0.788541667,BKN,0.4375,"[""Fever"", ""Cough"", ""Sore throat"", ""Runny or stuffy nose"", ""Muscle or body aches"", ""Headache"", ""Fatigue"", ""Vomiting and diarrhea (more common in children)""]"
138,India,IND,2020-07-01,1408.0,,Influenza,15.15046296,59.27083333,Fog,6.354166667,10.22601458,91.95652174,E,29.17375,53.75,59.27083333,0.954791667,BKN,0.416666667,"[""Fever"", ""Cough"", ""Sore throat"", ""Runny or stuffy nose"", ""Muscle or body aches"", ""Headache"", ""Fatigue"", ""Vomiting and diarrhea (more common in children)""]"
139,India,IND,2020-08-01,576.0,,Influenza,12.8587963,55.14583333,Fog,5.5,8.85137,159.0697674,NE,29.11375,53.4375,55.14583333,0.653125,OVC,0.375,"[""Fever"", ""Cough"", ""Sore throat"", ""Runny or stuffy nose"", ""Muscle or body aches"", ""Headache"", ""Fatigue"", ""Vomiting and diarrhea (more common in children)""]"
140,India,IND,2020-09-01,1436.0,,Influenza,10.25,50.45,Fog,7.825,12.5930855,290.25,WNW,29.248,48.45,50.45,0.68425,SCT,0.775,"[""Fever"", ""Cough"", ""Sore throat"", ""Runny or stuffy nose"", ""Muscle or body aches"", ""Headache"", ""Fatigue"", ""Vomiting and diarrhea (more common in children)""]"
141,India,IND,2020-10-01,2063.9416943490505,,Influenza,8.369175627,47.06451613,Fog,5.548387097,8.92924129,272.2222222,W,29.26645161,45.74193548,47.06451613,0.367419355,CLR,0.709677419,"[""Fever"", ""Cough"", ""Sore throat"", ""Runny or stuffy nose"", ""Muscle or body aches"", ""Headache"", ""Fatigue"", ""Vomiting and diarrhea (more common in children)""]"
142,India,IND,2020-11-01,935.2674572467804,,Influenza,12.22222222,54,Fog,3.645833333,5.867385417,265,CALM,29.25083333,45.66666667,54,0.883958333,SCT,0.8125,"[""Fever"", ""Cough"", ""Sore throat"", ""Runny or stuffy nose"", ""Muscle or body aches"", ""Headache"", ""Fatigue"", ""Vomiting and diarrhea (more common in children)""]"
143,India,IND,2020-12-01,1624.553672194481,,Influenza,13.92361111,57.0625,Fog,2.770833333,4.459212917,259.5652174,CALM,29.1675,47.1875,57.0625,0.738125,FEW,0.895833333,"[""Fever"", ""Cough"", ""Sore throat"", ""Runny or stuffy nose"", ""Muscle or body aches"", ""Headache"", ""Fatigue"", ""Vomiting and diarrhea (more common in children)""]"
144,India,IND,2021-01-01,41566.49292907119,,Influenza,10.59027778,51.0625,Fog,2.458333333,3.956294167,95.41666667,CALM,29.2125,42.89583333,51.0625,0.475416667,CLR,0.833333333,"[""Fever"", ""Cough"", ""Sore throat"", ""Runny or stuffy nose"", ""Muscle or body aches"", ""Headache"", ""Fatigue"", ""Vomiting and diarrhea (more common in children)""]"
145,India,IND,2021-02-01,27503.551728377737,,Influenza,13.57638889,56.4375,Fog,5.020833333,8.080227917,99.23076923,E,29.16729167,47.91666667,56.4375,0.68625,BKN,0.4375,"[""Fever"", ""Cough"", ""Sore throat"", ""Runny or stuffy nose"", ""Muscle or body aches"", ""Headache"", ""Fatigue"", ""Vomiting and diarrhea (more common in children)""]"
146,India,IND,2021-03-01,20393.78644387722,,Influenza,14.25925926,57.66666667,Fog,6.145833333,9.890735417,94.28571429,E,29.118125,53.47916667,57.66666667,0.662708333,BKN,0.375,"[""Fever"", ""Cough"", ""Sore throat"", ""Runny or stuffy nose"", ""Muscle or body aches"", ""Headache"", ""Fatigue"", ""Vomiting and diarrhea (more common in children)""]"
147,India,IND,2021-04-01,30615.04584814608,,Influenza,16.13425926,61.04166667,Fog,4.020833333,6.470887917,187.3333333,CALM,29.169375,59.125,61.04166667,0.475,SCT,0.520833333,"[""Fever"", ""Cough"", ""Sore throat"", ""Runny or stuffy nose"", ""Muscle or body aches"", ""Headache"", ""Fatigue"", ""Vomiting and diarrhea (more common in children)""]"
148,India,IND,2021-05-01,51924.50283665359,,Influenza,17.06018519,62.70833333,Fog,5.479166667,8.817842083,87.20930233,ENE,29.155,61.1875,62.70833333,0.907291667,BKN,0.416666667,"[""Fever"", ""Cough"", ""Sore throat"", ""Runny or stuffy nose"", ""Muscle or body aches"", ""Headache"", ""Fatigue"", ""Vomiting and diarrhea (more common in children)""]"
149,India,IND,2021-06-01,31005.2465332672,,Influenza,16.33101852,61.39583333,Fog,4.229166667,6.806167083,207.8378378,W,29.139375,59.89583333,61.39583333,0.560833333,SCT,0.5625,"[""Fever"", ""Cough"", ""Sore throat"", ""Runny or stuffy nose"", ""Muscle or body aches"", ""Headache"", ""Fatigue"", ""Vomiting and diarrhea (more common in children)""]"
150,India,IND,2021-07-01,56364.991047382355,,Influenza,16.28472222,61.3125,Fog,5.145833333,8.281395417,286.4285714,WNW,29.139375,58.70833333,61.3125,0.61625,SCT,0.604166667,"[""Fever"", ""Cough"", ""Sore throat"", ""Runny or stuffy nose"", ""Muscle or body aches"", ""Headache"", ""Fatigue"", ""Vomiting and diarrhea (more common in children)""]"
151,India,IND,2021-08-01,90343.16867911816,,Influenza,13.51851852,56.33333333,Fog,2.333333333,3.755126667,257.6923077,CALM,29.12875,54.33333333,56.33333333,0.644375,BKN,0.458333333,"[""Fever"", ""Cough"", ""Sore throat"", ""Runny or stuffy nose"", ""Muscle or body aches"", ""Headache"", ""Fatigue"", ""Vomiting and diarrhea (more common in children)""]"
152,India,IND,2021-09-01,72570.50846290588,,Influenza,14.50231481,58.10416667,Fog,5.270833333,8.482562917,289.5833333,WNW,29.14875,55.4375,58.10416667,0.672916667,SCT,0.5,"[""Fever"", ""Cough"", ""Sore throat"", ""Runny or stuffy nose"", ""Muscle or body aches"", ""Headache"", ""Fatigue"", ""Vomiting and diarrhea (more common in children)""]"
153,India,IND,2021-10-01,67354.27331018448,,Influenza,11.19385343,52.14893617,Fog,7.85106383,12.63503106,280.8510638,W,29.16702128,48.27659574,52.14893617,0.80212766,CLR,0.765957447,"[""Fever"", ""Cough"", ""Sore throat"", ""Runny or stuffy nose"", ""Muscle or body aches"", ""Headache"", ""Fatigue"", ""Vomiting and diarrhea (more common in children)""]"
154,India,IND,2021-11-01,48076.89108712673,,Influenza,11.02836879,51.85106383,Fog,6.85106383,11.02569106,281.3043478,WNW,29.17595745,47.57446809,51.85106383,0.72,CLR,0.829787234,"[""Fever"", ""Cough"", ""Sore throat"", ""Runny or stuffy nose"", ""Muscle or body aches"", ""Headache"", ""Fatigue"", ""Vomiting and diarrhea (more common in children)""]"
155,India,IND,2021-12-01,46913.417882252485,,Influenza,10.29411765,50.52941176,Fog,2.941176471,4.733352941,291.25,CALM,29.185,46.47058824,50.52941176,0.750882353,CLR,0.705882353,"[""Fever"", ""Cough"", ""Sore throat"", ""Runny or stuffy nose"", ""Muscle or body aches"", ""Headache"", ""Fatigue"", ""Vomiting and diarrhea (more common in children)""]"
156,India,IND,2022-01-01,87769.19573924268,,Influenza,12.1875,53.9375,Fog,2.125,3.4198475,267.3913043,CALM,29.338125,47.47916667,53.9375,0.826458333,CLR,0.833333333,"[""Fever"", ""Cough"", ""Sore throat"", ""Runny or stuffy nose"", ""Muscle or body aches"", ""Headache"", ""Fatigue"", ""Vomiting and diarrhea (more common in children)""]"
157,India,IND,2022-02-01,39738.30026279576,,Influenza,13.17283951,55.71111111,Fog,2.466666667,3.969705333,268,CALM,29.29755556,48.48888889,55.71111111,0.710444444,CLR,0.822222222,"[""Fever"", ""Cough"", ""Sore throat"", ""Runny or stuffy nose"", ""Muscle or body aches"", ""Headache"", ""Fatigue"", ""Vomiting and diarrhea (more common in children)""]"
158,India,IND,2022-03-01,19565.154765548803,,Influenza,13.93424036,57.08163265,Fog,2.040816327,3.284367347,262.3529412,CALM,29.2422449,48.34693878,57.08163265,0.811020408,FEW,0.734693878,"[""Fever"", ""Cough"", ""Sore throat"", ""Runny or stuffy nose"", ""Muscle or body aches"", ""Headache"", ""Fatigue"", ""Vomiting and diarrhea (more common in children)""]"
159,India,IND,2022-04-01,15615.197750461599,,Influenza,15.88652482,60.59574468,Fog,1.574468085,2.533854468,276.875,CALM,29.22106383,48.04255319,60.7826087,0.904255319,BKN,0.446808511,"[""Fever"", ""Cough"", ""Sore throat"", ""Runny or stuffy nose"", ""Muscle or body aches"", ""Headache"", ""Fatigue"", ""Vomiting and diarrhea (more common in children)""]"
160,India,IND,2022-05-01,16653.70180614392,,Influenza,13.67612293,56.61702128,Light Rain,4.382978723,7.053702979,112.4137931,CALM,29.18468085,53.89361702,56.61702128,0.765106383,OVC,0.319148936,"[""Fever"", ""Cough"", ""Sore throat"", ""Runny or stuffy nose"", ""Muscle or body aches"", ""Headache"", ""Fatigue"", ""Vomiting and diarrhea (more common in children)""]"
161,India,IND,2022-06-01,13070.540473272402,,Influenza,15.04728132,59.08510638,Fog,6.14893617,9.895728936,109.5555556,E,29.18340426,55.80851064,59.08510638,0.796382979,BKN,0.531914894,"[""Fever"", ""Cough"", ""Sore throat"", ""Runny or stuffy nose"", ""Muscle or body aches"", ""Headache"", ""Fatigue"", ""Vomiting and diarrhea (more common in children)""]"
162,India,IND,2022-07-01,16657.910486876965,,Influenza,16.03009259,60.85416667,Fog,9.083333333,14.61817167,124.375,SE,29.17666667,58.41666667,60.85416667,0.86125,BKN,0.4375,"[""Fever"", ""Cough"", ""Sore throat"", ""Runny or stuffy nose"", ""Muscle or body aches"", ""Headache"", ""Fatigue"", ""Vomiting and diarrhea (more common in children)""]"
163,India,IND,2022-08-01,29703.021990966798,,Influenza,15.85858586,60.54545455,Fog,8.295454545,13.35020682,92.14285714,E,29.15977273,59.22727273,60.54545455,0.795454545,OVC,0.409090909,"[""Fever"", ""Cough"", ""Sore throat"", ""Runny or stuffy nose"", ""Muscle or body aches"", ""Headache"", ""Fatigue"", ""Vomiting and diarrhea (more common in children)""]"
164,India,IND,2022-09-01,18416.610715985298,,Influenza,13.71527778,56.6875,Fog,4.916666667,7.912588333,258.9189189,W,29.14625,55.95833333,56.6875,0.800416667,OVC,0.375,"[""Fever"", ""Cough"", ""Sore throat"", ""Runny or stuffy nose"", ""Muscle or body aches"", ""Headache"", ""Fatigue"", ""Vomiting and diarrhea (more common in children)""]"
165,India,IND,2022-10-01,14643.68617579937,,Influenza,12.39583333,54.3125,Fog,3.8125,6.13560875,274.5945946,W,29.22166667,52.47916667,54.3125,0.795416667,SCT,0.625,"[""Fever"", ""Cough"", ""Sore throat"", ""Runny or stuffy nose"", ""Muscle or body aches"", ""Headache"", ""Fatigue"", ""Vomiting and diarrhea (more common in children)""]"
166,India,IND,2022-11-01,8614.33936996758,,Influenza,10.96926714,51.74468085,Fog,5.617021277,9.039697021,269.4871795,W,29.22404255,50.23404255,51.74468085,0.612553191,CLR,0.872340426,"[""Fever"", ""Cough"", ""Sore throat"", ""Runny or stuffy nose"", ""Muscle or body aches"", ""Headache"", ""Fatigue"", ""Vomiting and diarrhea (more common in children)""]"
167,India,IND,2022-12-01,10388.629745304585,,Influenza,11.2962963,52.33333333,Fog,3.729166667,6.001497083,263.8235294,W,29.206875,49.375,52.33333333,0.72875,SCT,0.625,"[""Fever"", ""Cough"", ""Sore throat"", ""Runny or stuffy nose"", ""Muscle or body aches"", ""Headache"", ""Fatigue"", ""Vomiting and diarrhea (more common in children)""]"
